"iso3","iso2","admin1_id","admin2_id","iu_id","site_id","georeliability","location_type","survey_type","year","age_start","age_end","hk_examined","hk_positive","asc_examined","asc_positive","tt_examined","tt_positive","quality","sn","hk_prevalence","asc_prevalence","tt_prevalence","sth_prevalence","shortest","id","src","dst","identifier","improved_sewer","unpiped_sewer","surface_sewer","piped_sewer","unimproved_sewer","improved_water","unpiped_water","surface_water","piped_water","unimproved_water","p_density","elevation","longitude","latitude","AnnualPrecip","AnPET","AridityIndex"
"AGO","AO",265,2205,2205,,3,,,2014,5,23,24,0,24,0,24,0,1,20500,0,0,0,0,28626.7692283157,0,0,0,1,34.0994473758276,13.1446026187362,27.1495057651213,20.9548436795908,38.7510477036502,51.7161919602108,28.5333526199224,29.5369382622953,23.1828401814823,18.7468699238048,9.58102818816049,812.659635999995,15.17431,-8.13575,597.87049627708,681.14814906375,0.438713884092587
"AGO","AO",265,2205,2205,,3,,,2014,5,23,30,0,30,0,30,0,1,20504,0,0,0,0,16648.9703608285,1,1,1,2,35.7983912802711,17.1497853524407,22.2614687000991,18.648606875466,41.9401381207307,39.0107558311594,16.2368199306068,44.7616959909709,22.7739354210587,16.2275491026967,16.9246855027335,1233.62740768,15.85456,-8.16623,698.61792549729,731.260093607205,0.477547713581386
"AGO","AO",265,2205,2205,,3,,,2014,5,23,30,1,30,14,30,2,1,20505,0.0333333333333333,0.466666666666667,0.0666666666666667,0.489447938504542,5047.68337892053,2,2,2,3,32.0843325966701,14.8568972149844,24.3316008882254,17.227435651814,43.5840653218482,41.7399572977138,16.7654209080589,44.164267087257,24.9745353201744,14.0957771925622,20.2673135997227,1010.787616,15.88025,-6.83502,748.548027301345,682.42440303799,0.54822982213708
"AGO","AO",265,2205,2205,,3,,,2014,5,23,30,0,30,0,30,0,1,20507,0,0,0,0,3525.2094945071,3,3,3,4,29.4975729088812,15.1196307159207,22.7020059006078,14.3779429834904,47.8004211048847,35.0986264629685,15.0137578887181,48.1258412226144,20.0848685742505,16.7755330231305,30.7147999888829,1169.54230640004,15.17033,-7.28615,737.74263897759,663.11092370123,0.556050698868385
"AGO","AO",265,2205,2205,,3,,,2014,5,23,24,0,24,0,24,0,1,20508,0,0,0,0,12028.1078881398,4,4,4,5,41.4763037712567,18.6117888876241,19.1304271525101,22.8645157438164,39.3932698434534,38.0036005896901,13.3666136771801,45.2596301314189,24.6369845850208,16.7367709183227,16.9246855027335,1188.70080000001,15.77557,-7.9243,717.94646027783,711.49880254346,0.50436331105858
"AGO","AO",265,2205,2205,,3,,,2014,5,23,30,0,30,27,30,5,1,20509,0,0.9,0.166666666666667,0.864779874213836,15809.7056721776,5,5,5,6,33.1960625193312,15.2925530174603,18.6723308445069,17.9035101270758,48.1316054952486,42.2322071516883,18.4940963821496,44.6021856191701,23.7381103423043,13.1656068316495,30.7147999888829,1159.22753999999,14.99531,-7.04815,707.338301522445,640.1168226774,0.552279237003035
"AGO","AO",265,2205,2205,,3,,,2014,5,23,30,0,30,0,30,0,1,20510,0,0,0,0,4811.11103600691,6,6,6,7,21.6029283449438,14.5724701300428,28.4287413407266,7.03045858322473,49.9683304542877,34.694499901176,6.93674460120875,58.5971199448635,27.757755405087,6.70837921345498,194.143680598999,1299.75619840001,15.27819,-7.5677,753.54809055748,668.103486400515,0.56379096535169
"AGO","AO",265,2205,2205,,3,,,2014,5,23,30,0,30,0,30,0,1,20518,0,0,0,0,22126.1180790201,7,7,7,8,34.1595210237249,14.6619423570084,24.4664861106784,19.4975781329566,41.3739934925662,39.8269716235398,21.9626514524739,40.8527950366407,17.8643202024522,19.3202332982875,25.2197708031791,557.081934400015,14.7722,-7.15951,548.410935558445,654.295321441085,0.418900529661126
"AGO","AO",265,2199,2199,,3,,,2014,5,23,30,5,30,3,30,0,1,20520,0.166666666666667,0.1,0,0.235849056603774,1463.71220574744,8,8,8,9,34.5788283502488,15.2306576987949,20.5558628533281,19.3481700888635,44.8653105397005,23.8402342301987,21.0965661696174,72.2109191437252,2.74366822793693,3.9488434410458,19.5982862483433,847.082428799969,16.20152,-6.51017,755.833610446395,690.08587248294,0.54746445766613
"AGO","AO",249,2050,2050,,3,,,2010,0,80,87,1,87,7,87,1,1,29949,0.0114942528735632,0.0804597701149425,0.0114942528735632,0.0957331493368076,1409.20772366176,9,9,9,10,48.5531801282792,7.6672396389642,25.5754202219503,40.8859424163227,25.8713977290029,52.1259580285636,5.59233978566615,47.7831995976367,46.533617997785,0.0908415774423485,34.7000007629395,21.4258060800024,13.66638,-8.58268,309.316517384688,704.574996467485,0.219423069300534
"AGO","AO",265,2193,2193,,3,,,2014,5,23,30,2,30,16,30,6,1,20528,0.0666666666666667,0.533333333333333,0.2,0.614675052410901,12579.4376781074,10,10,10,11,27.8301869371033,15.0973388501975,24.9468210313908,12.7328481930744,47.2229936848423,25.2510547540829,9.20734333186657,52.562703525154,16.0437114808531,22.1862416084968,137.891114531771,1231.03450384,15.18581,-7.39717,746.73999000547,647.45645355054,0.576453834702
"AGO","AO",265,2202,2202,,3,,,2014,5,23,30,0,30,19,30,0,1,20535,0,0.633333333333333,0,0.59748427672956,7768.15623486332,11,11,11,12,36.6488664542838,15.9762571042187,18.8668252444711,20.6726110580067,44.4843056123501,41.9046549758618,29.956401669292,36.2394691561011,11.9482511433117,21.8558758668093,365.434809317453,825.055060480001,15.06382,-7.59652,694.790414239575,656.752359590465,0.52885020479253
"AGO","AO",249,2050,2050,,3,,,2010,0,80,45,1,45,5,45,9,1,29933,0.0222222222222222,0.111111111111111,0.2,0.287444677381784,1970.45346759615,12,12,12,13,54.09415049611,7.00101772897279,23.1066015918071,47.0931324169369,22.7992476147627,9.31615440213659,4.8036709518893,88.4860775113177,4.51248313867548,2.19776645024085,34.7000007629395,15.0624871359945,13.53501,-8.5995502,297.932028597897,720.937292476495,0.20653348607741
"AGO","AO",265,2198,2198,,3,,,2014,5,23,30,4,30,25,30,6,1,20538,0.133333333333333,0.833333333333333,0.2,0.834381551362683,12363.048875834,13,13,13,14,37.358475963918,17.0191044137345,18.2266487584021,20.3393681980226,44.4148757017169,26.8250033560222,16.3171731516734,65.8752423346821,10.5078304302357,7.29975335179306,19.5982862483433,768.777599360014,16.22888,-6.30317,736.54989830711,687.507315435935,0.53550109254817
"AGO","AO",265,2204,2204,,3,,,2014,5,23,30,0,30,12,30,0,1,20541,0,0.4,0,0.377358490566038,5882.29584394223,14,14,14,15,38.2105440978435,18.244972498118,19.9106984399751,19.9655706067482,41.87875936953,37.1477558417571,16.0564033473523,50.2415242822849,21.0913500857804,12.6107224257333,13.2410857718331,884.213679999996,16.17455,-7.2165,710.2581635858,709.64512539857,0.500290676304465
"AGO","AO",249,2050,2050,,3,,,2010,0,80,50,1,50,3,50,3,1,29936,0.02,0.06,0.06,0.126483018867925,1634.68399140017,15,15,15,16,50.6545021057333,7.31804588407555,25.2158613643755,43.3364544622619,24.1296376428948,20.4124864845193,8.38312025633802,77.4318528915414,12.029366204101,2.15565949431376,34.7000007629395,12.6272000000038,13.54202,-8.57368,297.932028597897,720.937292476495,0.20653348607741
"AGO","AO",249,2050,2050,,3,,,2010,0,80,32,0,32,1,32,1,1,29946,0,0.03125,0.03125,0.0580409787735849,1634.68399140017,16,16,16,17,52.1610563371761,7.13964135895507,24.5202916089035,45.0214116450466,23.3186545261598,26.2072997442633,10.9920607876288,71.7066358540612,15.2152378530045,2.08606368569975,34.7000007629394,16.0500847999913,13.52756,-8.57115,290.574286608611,726.16092723502,0.19999177210988
"AGO","AO",249,2050,2050,,3,,,2010,0,80,32,4,32,0,32,4,1,29923,0.125,0,0.125,0.221108490566038,7841.47969608096,17,17,17,18,42.2719799322572,7.16667043762462,29.8798228691165,35.1053101159534,27.8481956926969,58.0095582491914,29.7653171403219,37.816469423228,28.2442413819816,4.17397327465433,34.7000007629395,152.409269599991,13.772,-8.3879995,332.390442904225,700.856790886035,0.237024571807435
"AGO","AO",249,2050,2050,,3,,,2010,0,80,7,0,7,0,7,1,1,29951,0,0,0.142857142857143,0.134770889487871,6243.77828178115,18,18,18,19,40.4371011776674,7.9633372192607,30.640784283039,32.4737634022874,28.9221171573271,79.0643833902951,42.1416836877245,19.0990328249775,36.9227003877512,1.8365833174543,34.7000007629395,221.949370000026,13.82,-8.4390001,343.980668694172,693.700392087575,0.247842516642442
"AGO","AO",265,2197,2197,,3,,,2014,5,23,30,0,30,26,30,0,1,20548,0,0.866666666666667,0,0.817610062893082,10073.46582851,19,19,19,20,21.9635706693271,13.5693706122653,29.6013519614221,8.39419996620574,48.4350783855786,33.124721618442,19.0496831988095,39.7479265288813,14.0750376012001,27.1273518558651,365.434809317453,836.56221696,15.10093,-7.67832,667.605532187345,659.145845990985,0.506295556281735
"AGO","AO",249,2050,2050,,3,,,2010,0,80,47,0,47,6,47,8,1,29932,0,0.127659574468085,0.170212765957447,0.260512312409782,1817.60565646965,20,20,20,21,34.3430957033283,7.89555392732463,34.1767587058096,26.447542856998,31.4801445136098,62.7104978153655,34.1336524979595,32.7757330001456,28.5768453948549,4.51376703383974,34.7000007629395,329.023166079971,14.20523,-8.61429,409.956922948601,677.243315083065,0.302558657944519
"AGO","AO",249,2050,2050,,3,,,2010,0,80,49,1,49,4,49,9,1,29955,0.0204081632653061,0.0816326530612245,0.183673469387755,0.250577469245342,6355.87120648962,21,21,21,22,34.4653211654986,7.79628069333632,31.876425784826,26.6690406698839,33.6582537821474,62.7227515867791,32.9754748758703,33.0275429549038,29.7472754821805,4.24970568314706,34.7000007629395,250.545322079999,14.16037,-8.64921,372.288724548962,680.246172730205,0.273524134787296
"AGO","AO",249,2050,2050,,3,,,2010,0,80,35,0,35,1,35,2,1,29922,0,0.0285714285714286,0.0571428571428571,0.0793222949557181,365.800560533508,22,22,22,23,37.8451978420753,8.28338483961451,32.2200693763447,29.5618146081117,29.9347292065995,82.1294896724153,39.883348844335,17.7087988537416,42.2461442674399,0.161711722463122,34.7000007629395,99.6278143711971,13.68633,-8.5226698,325.51603340614,701.45363122601,0.231949843518859
"AGO","AO",249,2050,2050,,3,,,2010,0,80,53,3,53,9,53,8,1,29927,0.0566037735849057,0.169811320754717,0.150943396226415,0.316058045130582,3379.01418710694,23,23,23,24,37.3379189817564,7.85198039451594,29.0413441579585,29.4859381698085,33.6207359435393,43.9049570295887,15.2046878785307,54.1026410217567,28.7002691073499,1.99240313018631,34.7000007629395,170.318400000006,13.97782,-8.62514,342.534941685482,687.80025609273,0.248897224988773
"AGO","AO",265,2195,2195,,3,,,2014,5,23,30,17,30,2,30,0,1,20555,0.566666666666667,0.0666666666666667,0,0.561844863731656,4811.11103600691,24,24,24,25,21.3526897725201,14.3877197622025,26.717921562817,6.9649689083032,51.9293878019757,41.3341488465467,10.1926732360031,50.9847147552444,31.1414748574602,7.68113822893165,355.742275206627,1285.713456,15.28226,-7.61035,750.93796272638,667.74669551448,0.56207240156503
"AGO","AO",265,2204,2204,,3,,,2014,5,23,30,9,30,14,29,4,1,20556,0.3,0.466666666666667,0.137931034482759,0.639774452396443,12028.1078881398,25,25,25,26,44.594154358212,19.0184473551647,18.6503341354801,25.5757086553491,36.7555069041956,47.9793086832874,25.9639047778617,37.72504608932,22.0154039627057,14.2956452976359,16.9246855027335,1197.65331423999,15.81833,-8.02257,705.30818730875,723.400994348995,0.48731534694395
"AGO","AO",265,2196,2196,,3,,,2014,5,23,30,11,30,23,30,1,1,20557,0.366666666666667,0.766666666666667,0.0333333333333333,0.808630328441649,22055.6943149259,26,26,26,27,41.277833250468,12.4780544362105,17.2445774939519,28.7997792617784,41.4775877840481,55.9759288507476,1.8073734074658,10.6658032766856,54.1685503773762,33.3582676862351,25.2197708031791,691.108031999994,14.85106,-7.3405,581.61495552514,661.439032142965,0.439514772296505
"AGO","AO",257,2119,2119,,3,,,2014,5,23,30,2,30,6,30,1,1,20217,0.0666666666666667,0.2,0.0333333333333333,0.262473794549266,7843.62808672773,27,27,27,28,21.3709196672022,9.89141966307138,9.85421207837475,11.479499981621,68.7748697503906,37.6876032051286,22.1858085758652,22.0382110167614,15.5017945052411,40.2741873145196,61.7111432909284,1736.06154495999,15.58626,-12.89756,690.225382063355,902.907543271085,0.382132020444226
"AGO","AO",257,2120,2120,,3,,,2014,5,23,30,0,30,5,30,0,1,20223,0,0.166666666666667,0,0.157232704402516,5374.08342467139,28,28,28,29,29.9225337165305,8.95085811046645,6.38186297790658,20.971675606064,63.6956030142126,46.5818308446387,24.5505175641551,37.8411194770096,22.0313132108631,15.577050570076,39.9860577130999,1436.73788095998,15.58404,-12.14289,658.420813876645,876.725003533785,0.375435889542161
"AGO","AO",257,2119,2119,,3,,,2014,5,23,30,0,30,4,30,0,1,20225,0,0.133333333333333,0,0.125786163522013,6139.90376522828,29,29,29,30,27.5449469242881,8.4833788581204,8.61812116894683,19.0615689905532,63.8369331901545,8.86772037806251,6.71551991884126,65.8293249927075,2.1522003705808,25.3029551364958,25.7953135539464,1774.08185600004,15.28188,-12.55275,712.898960444595,859.2610031771,0.414813967179507
"AGO","AO",257,2119,2119,,3,,,2014,5,23,30,0,30,0,30,0,1,20228,0,0,0,0,17662.5013533019,30,30,30,31,20.4945207394078,8.45505904282468,10.2666593702635,12.0394617568216,69.2388202297134,57.946051888465,43.8475120383584,28.7853758673863,14.0985402404482,13.2685710236312,54.4394062280493,1881.96726,15.46795,-12.73893,733.53790561959,871.52195690662,0.42120378280664
"AGO","AO",257,2119,2119,,3,,,2014,5,23,30,0,30,25,30,3,1,20230,0,0.833333333333333,0.1,0.80188679245283,7294.31744256727,31,31,31,32,32.4374412483731,10.2315742291143,13.3756259986006,22.2058646990574,54.1869323783645,38.1286197212048,18.8969277178896,42.4086945156897,19.2316933470356,19.462684082178,48.3562872270857,1572.48702128,15.19321,-12.19323,689.533254410135,858.387061108825,0.401527380382387
"AGO","AO",257,2119,2119,,3,,,2014,5,23,30,0,30,15,30,0,1,20233,0,0.5,0,0.471698113207547,14517.2210278251,32,32,32,33,26.3725403646649,10.4926323877561,7.99192981687341,15.8799079769087,65.6355254501162,32.3122230382184,17.2133144180153,38.7092318931444,15.0989072455274,28.9785452699044,36.8243418579102,1584.19600000002,15.31764,-12.86008,689.65964494896,858.250655247875,0.40198448748704
"AGO","AO",257,2118,2118,,3,,,2014,5,23,30,0,30,0,30,2,1,20236,0,0,0.0666666666666667,0.0628930817610063,28014.6216497295,33,33,33,34,26.0164729327421,8.57939668537143,8.85479809932099,17.4370760218072,65.1287271905817,29.6176403996806,13.8919218699547,56.0287428092429,15.7257179151116,14.3536172876428,39.9860577130999,1769.08117184006,15.82733,-11.82006,714.15532254117,848.85472271345,0.420543596539307
"AGO","AO",257,2120,2120,,3,,,2014,5,23,30,0,30,0,30,0,1,20240,0,0,0,0,28014.6216497295,34,34,34,35,26.2255111051339,9.38826183364885,18.5011648566826,16.8372508027185,55.2733224440297,37.2851962840658,11.9806183549665,54.1096633378458,25.3045787007727,8.60513692348752,39.9860577130999,1502.0401792,15.64705,-11.64814,674.321465108265,855.14212822407,0.394188331801754
"AGO","AO",257,2125,2125,,3,,,2014,5,23,30,3,30,3,30,0,1,20247,0.1,0.1,0,0.179245283018868,4039.24136470433,35,35,35,36,31.1600373192612,12.7773099978613,33.4950181287433,18.382728472141,35.3449436107546,37.4286355924734,17.5693837670638,43.0210918191358,19.8592518573497,19.5502729341933,31.2125230476615,1646.12341504001,14.87459,-12.63828,708.628997562485,839.92893677014,0.421758647741941
"AGO","AO",257,2119,2119,,3,,,2014,5,23,30,0,30,21,30,0,1,20248,0,0.7,0,0.660377358490566,33534.6611533729,36,36,36,37,32.242251528033,7.65445090309664,9.80845325530767,24.5877982264181,57.9492945186958,37.8341042904552,12.4006953698678,43.55365019466,25.4334096950713,18.6122471060714,24.0775433393206,1725.66572288,16.10052,-13.10226,651.49637340988,917.03280289633,0.355115902641217
"AGO","AO",257,2119,2119,,3,,,2014,5,23,30,0,30,13,30,0,1,20252,0,0.433333333333333,0,0.408805031446541,59865.3850844365,37,37,37,38,38.8468329226574,5.62042390560316,32.8233219580344,33.2264103422847,28.3298447777983,50.5414786376883,27.865602107089,37.769702321119,22.6758754037333,11.6888205583,61.7111432909284,1555.73192960001,15.5454,-13.72928,594.706427990365,909.011407630385,0.327007066848754
"AGO","AO",257,2119,2119,,3,,,2014,5,23,30,0,30,3,30,1,1,20258,0,0.1,0.0333333333333333,0.122641509433962,3615.09172601359,38,38,38,39,42.3562110003338,8.15126984865633,8.16267702945048,34.2049394843538,49.4811119315694,70.4755285869071,39.99028237785,7.72545547773765,30.4852519559952,21.799012833769,230.338744864328,1682.26089983998,15.72469,-12.75824,686.041576906855,916.024394207335,0.374352696384859
"AGO","AO",257,2119,2119,,3,,,2014,5,23,30,0,30,4,30,0,1,20265,0,0.133333333333333,0,0.125786163522013,18845.8055330343,41,41,41,41,30.9517249284363,6.83296519879285,9.24435346573718,24.1187600359083,59.8039233320236,34.2624122945677,12.9588923796445,45.0185903788425,21.3035193840027,20.7189981720976,24.0775433393206,1790.26176895999,16.03932,-12.81102,684.643193458025,910.728343341915,0.37576909442374
"AGO","AO",257,2116,2116,,3,,,2014,5,23,30,0,30,0,30,0,1,20268,0,0,0,0,2099.05092024197,42,42,42,42,30.4715255725726,11.8777087765557,30.2669736565332,18.5938168611379,39.2614998125097,40.2939625015282,17.7518354532467,39.9092342419735,22.5421289353195,19.7968031127012,27.0332568947928,1678.75122624002,14.91783,-12.60596,725.224238066275,839.72503532388,0.431723705449593
"AGO","AO",257,2125,2125,,3,,,2014,5,23,30,0,30,0,30,0,1,20271,0,0,0,0,3758.77373517111,43,43,43,43,30.7928152163562,9.81301573426156,24.5337543834614,20.9797994206523,44.6734313719539,44.3429997347541,26.2184948987652,36.3580798372231,18.1245060593703,19.2989206125127,36.8243418579102,1766.27960383996,15.13616,-13.23267,684.12316984623,859.105890145515,0.398051433553977
"AGO","AO",257,2121,2121,,3,,,2014,5,23,30,0,30,3,30,0,1,20272,0,0.1,0,0.0943396226415094,7203.92208393116,44,44,44,44,31.7028958372213,13.3167953463412,36.8905890864765,18.3861002986225,31.4065130034781,39.7502093394537,17.5731000809506,39.34414809141,22.1771107206602,20.905642391603,27.0332568947928,1693.36098000003,14.84265,-12.70881,713.800142211325,826.734768636145,0.432209949043039
"AGO","AO",257,2116,2116,,3,,,2014,5,23,30,0,30,0,30,1,1,20274,0,0,0.0333333333333333,0.0314465408805031,14517.2210278251,45,45,45,45,30.0057423778364,11.12303960798,9.16005601079986,18.8827044326206,60.8341996275371,36.2213815418318,33.601813438072,23.7330667888608,2.61956843276836,40.0455501108503,30.4685217963432,1422.83196031999,15.19149,-12.89231,655.650942915425,874.09894206955,0.37501826940866
"AGO","AO",257,2117,2117,,3,,,2014,5,23,30,0,30,0,30,0,1,20276,0,0,0,0,19492.2519535449,46,46,46,46,29.5876351839042,11.9906874682928,30.6759469058024,17.5969466048808,39.7364184598732,22.9959005662625,10.1543590620722,63.8181543396522,12.8415404054232,13.1859452577187,27.0332568947928,1737.22109183996,14.94266,-12.95442,722.0225630893,821.361428825475,0.439806851112092
"AGO","AO",257,2116,2116,,3,,,2014,5,23,30,0,30,2,30,0,1,20279,0,0.0666666666666667,0,0.0628930817610063,7843.62808672773,47,47,47,47,22.1160295656944,9.68529409598374,9.77764663022877,12.4307356136634,68.106323871797,30.3186669116113,27.9915644930984,53.7905883671334,2.32710406001029,15.8907439558409,61.7111432909284,1682.16770239999,15.59652,-12.8296,694.906990050035,901.6910296716,0.385245916947867
"AGO","AO",257,2126,2126,,3,,,2014,5,23,30,0,30,1,30,0,1,20288,0,0.0333333333333333,0,0.0314465408805031,20492.9056069435,48,48,48,48,29.4345615795772,8.25487329877595,9.25728624058863,21.1796880720867,61.308153206206,36.6008124527802,12.9552079077114,41.627969958206,23.6456040216466,21.7712194225971,48.3562872270857,1701.23465599999,15.3309,-12.35655,753.650411713175,841.57517485251,0.448029111695224
"AGO","AO",257,2121,2121,,3,,,2014,5,23,30,0,30,1,30,0,1,20299,0,0.0333333333333333,0,0.0314465408805031,6.37014900878475,49,49,49,49,26.3324666579735,8.40405011280409,6.59878589047088,17.9284170591142,67.0687496532488,23.5449115559541,10.1974519877182,43.4425540884768,13.3474582839264,33.0125353727653,48.3562872270857,1642.64478320017,15.38265,-12.18379,708.67331393217,857.56509890534,0.413319989734872
"AGO","AO",257,2120,2120,,3,,,2014,5,23,30,0,30,7,30,0,1,20307,0,0.233333333333333,0,0.220125786163522,1.59253732854422,50,50,50,50,26.321924239374,8.40079376596151,6.59566935502368,17.9211309880874,67.0824086043101,23.5363108343287,10.2040755492011,43.4529583444192,13.3322339976137,33.0107318432001,48.3562872270857,1643.69938544017,15.38269,-12.18383,708.67331393217,857.56509890534,0.413319989734872
"AGO","AO",257,2122,2122,,3,,,2014,5,23,30,0,30,1,30,0,1,20309,0,0.0333333333333333,0,0.0314465408805031,1.59253732854422,51,51,51,51,26.3192865085854,8.3999787915135,6.59488978748434,17.9193082319295,67.0858259018895,23.5341606000515,10.205730962696,43.4555621980111,13.3284283490406,33.0102782250738,48.3562872270857,1643.96312960016,15.3827,-12.18384,708.67331393217,857.56509890534,0.413319989734872
"AGO","AO",257,2118,2118,,3,,,2014,5,23,30,0,30,11,30,2,1,20321,0,0.366666666666667,0.0666666666666667,0.385744234800839,9625.10602088829,52,52,52,52,28.2960133288392,9.10488307391474,6.18183409981592,19.1911309019001,65.5221514058209,82.6345938766448,25.4509511524734,12.0732854001101,57.1836465180199,5.29211633946836,48.3562872270857,1502.65732800002,15.54917,-12.229,655.77604603825,892.399321793955,0.367311860156055
"AGO","AO",257,2126,2126,,3,,,2014,5,23,30,0,30,4,30,2,1,20325,0,0.133333333333333,0.0666666666666667,0.180293501048218,44380.771811169,53,53,53,53,30.2369753505073,8.79099721485511,10.2401587322545,21.4459780885,59.5228696306905,43.7931680807225,19.9291357539813,43.4892854823721,23.8640358902287,12.7175473445463,41.2180015433175,1622.58382527999,16.47806,-13.22699,605.46877660305,922.611285765605,0.328035602747484
"AGO","AO",257,2123,2123,,3,,,2014,5,23,30,0,30,0,30,0,1,20330,0,0,0,0,18845.8055330343,54,54,54,54,33.366565851692,7.00104081931233,10.6438884086436,26.365525301957,55.9895441991225,29.2211022019594,22.8641469247309,51.4140428762207,6.35695527397702,19.3648519320876,230.338744864328,1710.68190624,15.89128,-12.89109,672.09321333578,916.973385729555,0.366358879195338
"AGO","AO",257,2117,2117,,3,,,2014,5,23,30,0,30,0,30,2,1,20339,0,0,0.0666666666666667,0.0628930817610063,6139.90376522828,55,55,55,55,25.9298317885778,8.13141339395039,7.56440188200722,17.7984188309915,66.5057682067247,19.1502836502454,13.9153252546481,57.212665394286,5.23495890338871,23.6370500235805,25.7953135539464,1627.18639744,15.32663,-12.58422,712.898960444595,859.2610031771,0.414813967179507
"AGO","AO",257,2126,2126,,3,,,2014,5,23,30,0,30,1,30,2,1,20343,0,0.0333333333333333,0.0666666666666667,0.0922431865828092,7294.31744256727,56,56,56,56,31.2310427851549,9.36649576654689,14.4744340146336,21.8645471779057,54.2945242720956,16.3414924667348,7.79049671344747,61.6366223869572,8.55099656046677,22.02188595574,48.3562872270857,1551.51727359998,15.22478,-12.1371,693.195246875355,859.7656676085,0.40301035101163
"AGO","AO",257,2123,2123,,3,,,2014,5,23,30,0,30,1,30,0,1,20344,0,0.0333333333333333,0,0.0314465408805031,3758.77373517111,57,57,57,57,31.8049833542018,10.0624504014917,22.1799921831199,21.7425339905093,46.0150242436427,35.7945544634946,17.8762968822028,44.1576196108485,17.918258637007,20.0478259256569,36.8243418579102,1728.65834224,15.16963,-13.23701,667.620660018535,872.56862239536,0.382461302641876
"AGO","AO",257,2123,2123,,3,,,2014,5,23,30,0,30,1,30,0,1,20348,0,0.0333333333333333,0,0.0314465408805031,5374.08342467139,58,58,58,58,28.6809567026665,9.19617339742339,5.79765382103218,19.484782892599,65.5213906685129,52.0435513371318,24.3802031457411,34.1292335868985,27.6633470632228,13.8272177827866,39.9860577130999,1469.55245696001,15.61736,-12.17704,653.585872191145,890.569676793295,0.366842408185251
"AGO","AO",257,2122,2122,,3,,,2014,5,23,30,0,30,0,30,0,1,20352,0,0,0,0,11063.6551297648,59,59,59,59,28.6427508889112,9.13562029171661,6.19121315910913,19.5071321364101,65.1660373056098,49.3657368897033,26.0813471016919,20.1998760137699,23.2843896611557,30.4343887891751,48.3562872270857,1498.63090928001,15.60983,-12.30593,650.722446682775,897.520762981325,0.362393291865291
"AGO","AO",257,2118,2118,,3,,,2014,5,23,30,0,30,0,30,0,1,20355,0,0,0,0,3047.41311906915,60,60,60,60,29.9511972531785,8.93174408435416,12.6840041135504,21.0194537883754,57.3647982171455,80.7154315746958,14.2875031722782,17.3604488763023,66.4279266417989,1.92411907711723,230.338744864328,1564.56292607999,15.75174,-12.67803,681.25587471756,913.426863299415,0.372826187743636
"AGO","AO",257,2123,2123,,3,,,2014,5,23,30,0,30,0,30,0,1,20358,0,0,0,0,3615.09172601359,61,61,61,61,33.3185441596508,8.79183869548309,8.2807225765032,24.5267048078289,58.4007332226017,70.3105899037036,51.6910469490889,19.7734574833893,18.6195434561334,9.91595235932097,230.338744864328,1711.80474559999,15.69541,-12.74454,686.041576906855,916.024394207335,0.374352696384859
"AGO","AO",257,2124,2124,,3,,,2014,5,23,30,0,30,0,30,1,1,20375,0,0,0.0333333333333333,0.0314465408805031,14750.3199369423,62,62,62,62,30.875103489436,8.51844510049731,11.8519130781652,22.3566582357813,57.2729829114048,26.532381091905,16.0594905129515,56.2364294214439,10.4728898244098,17.2311918109944,41.2180015433175,1678.44716448,16.08492,-12.42791,694.63188714945,889.12040445074,0.390540475940784
"AGO","AO",257,2116,2116,,4,,,2014,5,23,30,0,30,1,30,0,1,20377,0,0.0333333333333333,0,0.0314465408805031,7903.37187775504,63,63,63,63,39.1703378008846,14.5679073351563,34.8907586153143,24.6024308256143,25.9389044012525,43.9930073119106,16.7844052406307,38.9614552445764,27.2086010302172,17.0455377018766,47.6029160090855,1302.47942000002,14.81625,-12.83631,632.07158448607,860.690501589185,0.367290272120265
"AGO","AO",257,2116,2116,,3,,,2014,5,23,30,0,30,1,30,0,1,20381,0,0.0333333333333333,0,0.0314465408805031,28194.7545789151,64,64,64,64,27.4121191759338,9.39066226394291,12.7413227166703,18.0214583650844,59.8465554408863,37.1728211453911,21.0226730416695,45.4418390460831,16.1501462061149,17.3853410706442,39.9860577130999,1553.00860927995,15.97819,-12.16964,665.074678666415,894.754231720535,0.371544597844251
"AGO","AO",257,2119,2119,,3,,,2014,5,23,30,0,30,1,30,0,1,20390,0,0.0333333333333333,0,0.0314465408805031,7203.92208393116,65,65,65,65,34.5863350117429,13.7756903763069,36.081170354601,20.8106441870364,29.3324968172779,39.8331745562621,16.0678357369933,40.5038359928018,23.7653401494835,19.6629880219002,27.0332568947928,1408.86168608,14.84236,-12.77193,713.800142211325,826.734768636145,0.432209949043039
"AGO","AO",257,2120,2120,,3,,,2014,5,23,30,0,30,0,30,0,1,20398,0,0,0,0,24317.8802445135,66,66,66,66,25.7232412362149,10.0657224242007,22.2940707406373,15.6575181858441,51.9826906517628,38.732328017476,13.5517575746701,49.7067250350606,25.1805721800289,11.5609439887223,36.9200579245431,1636.62622016,16.28301,-11.93382,680.588640207435,881.1461921584,0.386077124449782
"AGO","AO",257,2120,2120,,3,,,2014,5,23,1,0,1,0,1,0,1,20403,0,0,0,0,16155.251795834,67,67,67,67,22.2483646825448,9.35002544976187,9.12419811547145,12.8983373562833,68.6274352635745,31.7725401750604,14.4735062767218,13.966209199954,17.2990345277455,54.2612499539469,61.7111432909284,1736.46174879998,15.47868,-12.99249,691.98237584733,889.659194631035,0.38895155687408
"AGO","AO",257,2121,2121,,3,,,2014,5,23,30,0,30,1,30,0,1,20445,0,0.0333333333333333,0,0.0314465408805031,33682.2050875923,68,68,68,68,29.3247640625947,8.34871752896895,23.1106454253968,20.9760470001171,47.5645904315373,38.7246759301491,20.4518997744369,45.1512461242994,18.2727767933987,16.1240772420222,39.9860577130999,1355.26320192,15.40978,-11.83197,637.86745415082,860.56493641854,0.370497419660067
"AGO","AO",257,2125,2125,,3,,,2014,5,23,30,0,30,1,30,0,1,20458,0,0.0333333333333333,0,0.0314465408805031,14750.3199369423,69,69,69,69,29.4208723343184,7.29961722331737,7.2395776312734,22.1212552975948,63.3395487010877,45.9033185958881,23.7941836281847,43.8396199879386,22.1091362947108,10.2570610274104,24.0775433393206,1603.4466592,15.96999,-12.4923,672.986084474915,896.79438360979,0.37509932876797
"AGO","AO",257,2121,2121,,3,,,2014,5,23,30,0,30,1,30,0,1,20463,0,0.0333333333333333,0,0.0314465408805031,23255.7575076117,70,70,70,70,30.0889090356183,8.10740856231215,15.2257052911915,21.9815010859455,54.6853877203358,43.6330365474283,24.3988206525166,35.8190786258135,19.2342163383808,20.5478856720393,230.338744864328,1495.57458240003,15.74392,-12.4624,654.472729579605,910.462329565995,0.359302120041017
"AGO","AO",257,2122,2122,,3,,,2014,5,23,30,0,30,0,30,0,1,20465,0,0,0,0,24317.8802445135,71,71,71,71,27.9526795645171,10.2033372881295,7.85073792176533,17.7493405396488,64.196584001513,24.8565756152891,13.8263801543765,67.3452358305446,11.0301954297191,7.79819042765269,36.9200579245431,1595.1165888,16.06458,-11.9368,676.769557095785,879.94912045203,0.384423019124492
"AGO","AO",257,2120,2120,,3,,,2014,5,23,30,0,30,3,30,0,1,20469,0,0.1,0,0.0943396226415094,3047.41311906915,72,72,72,72,30.2515164417262,8.84177433709386,17.9487778316588,21.4097435729243,51.7997052866644,76.0055130699731,20.5975340835299,16.7879207654141,55.4079781390446,7.20656593875868,230.338744864328,1583.65223599998,15.75725,-12.70419,686.041576906855,916.024394207335,0.374352696384859
"AGO","AO",257,2120,2120,,3,,,2014,5,23,30,0,30,0,25,0,1,20470,0,0,0,0,2099.05092024197,73,73,73,73,30.4862484224289,12.0138790580778,31.1731245984934,18.4723697137122,38.3406263168276,38.4070568506837,17.601195947787,41.4442221967,20.8058609056399,20.1487214040515,27.0413700873425,1687.10518463999,14.90569,-12.62004,698.23042038891,847.103839632965,0.412069550658156
"AGO","AO",257,2121,2121,,3,,,2014,5,23,30,0,30,1,30,0,1,20478,0,0.0333333333333333,0,0.0314465408805031,1.59253769766489,74,74,74,74,26.2902153398437,8.39099063631781,6.58630309546331,17.8992252203967,67.1234837543601,23.51050660081,10.2239279216185,43.4842782331338,13.2865773820647,33.0052162022806,48.3562872270857,1646.86678640015,15.38281,-12.18395,708.67331393217,857.56509890534,0.413319989734872
"AGO","AO",257,2123,2123,,3,,,2014,5,23,30,0,30,28,30,0,1,20479,0,0.933333333333333,0,0.880503144654088,1.59253769766489,75,75,75,75,26.2875674035881,8.39017140073014,6.58552144627146,17.8973965199121,67.1269133390484,23.5083561079521,10.2255810461097,43.4868954768372,13.2827737639145,33.0047494526262,48.3562872270857,1647.13097984019,15.38282,-12.18396,708.67331393217,857.56509890534,0.413319989734872
"AGO","AO",257,2125,2125,,3,,,2014,5,23,30,0,30,0,30,0,1,20480,0,0,0,0,1.59253772780526,76,76,76,76,26.2849186168774,8.38935181004766,6.58473962360873,17.8955673240672,67.1303439476619,23.5062055935463,10.2272339798503,43.4895138363827,13.2789703149669,33.0042816086779,48.3562872270857,1647.39521072018,15.38283,-12.18397,708.67331393217,857.56509890534,0.413319989734872
"AGO","AO",257,2122,2122,,3,,,2014,5,23,30,0,30,0,30,0,1,20489,0,0,0,0,7.96268710572559,77,77,77,77,26.3060850978086,8.39589859284893,6.59098934772204,17.9101870207316,67.1029277486726,23.5234091054399,10.2140051689157,43.46859820361,13.3094026442039,33.0079937200324,48.3562872270857,1645.28241200016,15.38275,-12.18389,708.67331393217,857.56509890534,0.413319989734872
"AGO","AO",266,2210,2210,,4,,,2014,5,23,30,0,30,14,30,3,1,20759,0,0.466666666666667,0.1,0.490566037735849,25954.5321481908,78,78,78,78,27.0701719481851,13.9959841481745,28.845404446727,13.0741899634851,44.0844215663463,42.0186757978734,16.9878682017198,42.0396408807091,25.0308062549603,15.9416848844985,18.118275384829,978.687516800002,14.90182,-6.21835,653.020156273365,629.99047686285,0.518142038185145
"AGO","AO",265,2191,2191,,3,,,2014,5,23,30,1,30,0,30,1,1,20565,0.0333333333333333,0,0.0333333333333333,0.0618448637316562,4592.30539941795,79,79,79,79,30.5751898064741,14.8302560555385,24.329833579026,15.7449327714386,45.0949773251458,40.261497955724,31.9439474754671,52.9728083736021,8.31754934547332,6.76569552427769,16.2736003516061,864.248570880001,15.06153,-6.04946,648.36523699204,649.27005828332,0.499089599922978
"AGO","AO",266,2207,2207,,3,,,2014,5,23,30,0,30,0,30,2,1,20765,0,0,0.0666666666666667,0.0628930817610063,9229.36111586252,80,80,80,80,28.2592368769262,15.2751627332539,33.901398200314,12.9840736376429,37.8393663849781,47.9426352669999,34.110655080746,30.0315611797441,13.8319813994993,22.0258049759538,18.2242279248919,575.659530879983,14.45511,-6.13432,611.88310790885,613.547990109465,0.498447677583742
"AGO","AO",266,2210,2210,,3,,,2014,5,23,30,3,30,13,30,4,1,20774,0.1,0.433333333333333,0.133333333333333,0.526415094339623,35868.2105136528,81,81,81,81,27.9251601993758,15.2842185556309,28.882011517242,12.6409416069961,43.1928282044149,47.8774028511346,18.3665326376536,38.9916947011864,29.5108718274796,13.1309014511453,46.9414287327358,26.708360960012,12.69098,-6.14744,473.375342418952,641.998265630395,0.368520845143087
"AGO","AO",266,2208,2208,,3,,,2014,5,23,30,10,30,6,30,0,1,20776,0.333333333333333,0.2,0,0.440251572327044,81109.4167246079,82,82,82,82,29.6945151060862,16.245088773737,26.4458618403844,13.4494255439322,43.8596226485348,51.9014216406888,26.9213990843002,36.4778786362071,24.9800233232333,11.6206996208499,4.16742867067882,326.987916800037,13.5092,-6.36419,496.065642667143,612.89205581069,0.404542295148416
"AGO","AO",266,2207,2207,,3,,,2014,5,23,30,0,30,5,30,0,1,20784,0,0.166666666666667,0,0.157232704402516,17994.834702631,83,83,83,83,31.6465560395338,16.3537374280411,27.6925512847025,15.2928210778293,40.6608929705498,8.3222536234197,8.25087128944104,77.2690035723186,0.0713823253904783,14.4087419429402,29.5725708367484,399.308362239982,14.19218,-6.10742,568.532735728835,600.442576828075,0.473232672479818
"AGO","AO",266,2210,2210,,3,,,2014,5,23,30,1,30,3,30,0,1,20792,0.0333333333333333,0.1,0,0.122641509433962,4271.98584399114,84,84,84,84,34.7977498552668,15.7924573431372,26.1271788756802,19.0052925345556,39.0750725758963,48.4538062525696,24.9018477839672,8.97318614089595,23.5519593310384,42.5730086158317,46.9414287327358,28.4495948799902,12.36231,-6.17142,417.952168492605,669.17503486965,0.312166221272553
"AGO","AO",266,2206,2206,,3,,,2014,5,23,30,0,30,5,30,0,1,20799,0,0.166666666666667,0,0.157232704402516,16212.9203319893,85,85,85,85,29.7687942837999,13.6331310141,31.0018816716311,16.1356625062659,39.2293245358506,70.0919331234151,12.7844210765583,19.0415691902008,57.3075101185384,10.8664976397918,18.2242279248919,543.158960799997,14.76945,-5.98799,618.768643941475,642.932642175155,0.481011025467531
"AGO","AO",266,2211,2211,,3,,,2014,5,23,30,2,30,4,30,0,1,20800,0.0666666666666667,0.133333333333333,0,0.180293501048218,3341.63368565698,86,86,86,86,32.6954461135463,15.4941201682064,27.0388524064056,17.2013268985218,40.2656978668579,56.669157713252,34.3820388384915,17.3116277419535,22.2871209536609,26.0192138640182,29.5725708367484,447.832505407991,14.25946,-6.254809,578.63317369141,599.48715648165,0.48239203296502
"AGO","AO",266,2208,2208,,3,,,2014,5,23,30,0,30,1,30,1,1,20803,0,0.0333333333333333,0.0333333333333333,0.0618448637316562,3341.63368565698,87,87,87,87,42.8486002715899,14.5873583812339,20.7452810737596,28.261242110895,36.4061166298591,49.3470061316466,33.9656160423006,10.5192110319442,15.3813903850025,40.1337817586756,29.5725708367484,475.965882240029,14.23074,-6.26349,570.017671153865,600.284410101745,0.47457745050682
"AGO","AO",266,2209,2209,,3,,,2014,5,23,30,0,30,0,30,2,1,20809,0,0,0.0666666666666667,0.0628930817610063,4271.98584399114,88,88,88,88,36.8820226875395,15.2575106304946,23.4998235126927,21.6245117858455,39.6181550260781,35.8413566030622,26.7060810691999,5.5651229019347,9.1352759327937,58.5935206656611,46.9414287327358,6.89980415999857,12.36906,-6.13386,,,
"AGO","AO",266,2206,2206,,3,,,2014,5,23,30,0,30,7,30,0,1,20818,0,0.233333333333333,0,0.220125786163522,9229.36111586252,89,89,89,89,27.7967977564009,15.2395660265623,33.050435857151,12.5572309843445,39.152767022184,21.1313053445055,14.6349108075417,12.7559445555544,6.49639418830224,66.1127504572135,29.5725708367484,551.889219839995,14.38196,-6.17312,598.8583238155,600.045817732135,0.498798987297045
"AGO","AO",265,2205,2205,,3,,,2014,5,23,30,0,30,4,30,0,1,20560,0,0.133333333333333,0,0.125786163522013,17129.0618737246,90,90,90,90,36.2160241188135,14.587707932545,22.9366623962222,21.6283154710619,40.8473140224804,33.4298362690738,12.4116700693011,51.7962910854941,21.0181652913327,14.7738744421858,13.2410857718331,1016.26860687999,15.91607,-7.25589,738.567328734925,696.79717061171,0.52979074403568
"AGO","AO",265,2192,2192,,3,,,2014,5,23,30,1,30,22,30,5,1,20568,0.0333333333333333,0.733333333333333,0.166666666666667,0.740740740740741,47154.0572796558,91,91,91,91,32.9778360365751,14.1798628596638,23.9661953357475,18.7979741660751,43.0559677301337,46.523942361969,28.6117285462392,43.045299184883,17.9122156634423,10.4307571301477,5.7158858367375,604.691462240002,14.38587,-6.98711,522.16467108718,645.76836806825,0.404140771553805
"AGO","AO",265,2195,2195,,3,,,2014,5,23,30,8,30,2,30,0,1,20569,0.266666666666667,0.0666666666666667,0,0.29769392033543,8076.21511242957,92,92,92,92,34.7899083321916,15.6520488598492,21.645374450712,19.1378575142235,43.564718308437,1.71796612483564,0.992465561639485,98.1317141737073,0.72550053559841,0.150319459318351,19.5982862483433,794.619260799989,16.23714,-6.44737,743.168622856105,687.247905334185,0.54050646693227
"AGO","AO",249,2050,2050,,3,,,2010,0,80,7,1,7,0,7,0,1,29921,0.142857142857143,0,0,0.134770889487871,8295.90250595254,93,93,93,93,39.565129993195,7.76645119982465,30.080177055331,31.7986800984823,30.354693510741,67.4240440680766,35.2922172982067,29.4867093308693,32.1318250089205,3.08924912075607,34.7000007629395,113.902000000003,13.884,-8.535,336.766493772901,693.21330448552,0.242788664092106
"AGO","AO",265,2205,2205,,3,,,2014,5,23,30,4,30,11,30,3,1,20570,0.133333333333333,0.366666666666667,0.1,0.477358490566038,19967.9580278298,94,94,94,94,26.7047619887063,14.2200459390852,26.5978318816706,12.4847177748441,46.6974032060835,29.1834577320773,7.80503888237314,46.5688284431501,21.3784184155758,24.2477132583186,67.1241135362897,1248.41190000001,15.32225,-7.92747,704.55843791806,687.6326722009,0.51218144574839
"AGO","AO",249,2050,2050,,3,,,2010,0,80,24,0,24,0,24,5,1,29943,0,0,0.208333333333333,0.196540880503145,4768.08598488099,95,95,95,95,41.5778323653719,8.34935280582475,30.8554979375806,33.2284803040836,27.5666685575519,99.9997866962432,0.00775834948899874,0.000202436433171772,99.9920283159331,1.26439631186651e-05,34.7000007629394,29.2491182400004,13.75433,-8.62479,323.374271672498,692.670955492595,0.233322366608426
"AGO","AO",249,2050,2050,,3,,,2010,0,80,3,0,3,0,3,0,1,29950,0,0,0,0,4768.08598488099,96,96,96,96,41.3135636972825,8.23614516314076,30.6910933024558,33.0774182402642,27.9953422800624,99.9966749218803,0.00483381799119029,0.0031668943915098,99.9918388759309,0.000159641118067999,34.7000007629395,39.0064000000031,13.793,-8.643,316.335192294859,690.715577533815,0.228894405541748
"AGO","AO",265,2203,2203,,3,,,2014,5,23,30,20,30,6,30,0,1,20492,0.666666666666667,0.2,0,0.691823899371069,29121.6747631298,97,97,97,97,33.2410415599437,15.287312437798,23.1503833908114,17.9537284847704,43.608576731027,34.0494564582854,17.7520451607927,52.1031600058835,16.29740995577,13.847385114661,16.2736003516061,745.537740799988,15.56498,-6.15373,694.034583122795,667.537799363815,0.51962082728785
"AGO","AO",265,2194,2194,,3,,,2014,5,23,30,18,30,20,30,1,1,20577,0.6,0.666666666666667,0.0333333333333333,0.821802935010482,5047.68337892053,98,98,98,98,31.1775577281644,14.2578361554987,24.7665975254983,16.9197210796941,44.0558447463373,37.7813313115211,17.1780129430758,47.739853754664,20.6033172044213,14.4788153678101,20.2673135997227,991.439324799996,15.83621,-6.8243,741.39935733281,679.37630342691,0.545444428722315
"AGO","AO",265,2194,2194,,3,,,2014,5,23,30,7,30,9,30,1,1,20578,0.233333333333333,0.3,0.0333333333333333,0.45398322851153,17437.8048121858,99,99,99,99,33.0160295789248,14.9611633213023,23.6655205147639,18.0548647259975,43.3184490299162,39.1170123340293,13.7338357997608,49.1312827733278,25.3831774517179,11.7517047628657,13.2410857718331,909.653616000006,15.94498,-7.03725,735.99646280423,688.25881490663,0.53448377628758
"AGO","AO",265,2200,2200,,3,,,2014,5,23,30,0,30,29,30,2,1,20580,0,0.966666666666667,0.0666666666666667,0.914046121593291,7252.95174710833,100,100,100,100,32.5220658484356,13.4682522113853,25.8495404472384,19.0538149478237,41.628393035984,37.3965084608758,16.5754220642019,47.1572003412874,20.8210859643288,15.446290891739,9.16154277610779,1022.59759071999,15.03803,-6.46828,683.13037470641,649.554491345785,0.525669892284985
"AGO","AO",265,2199,2199,,3,,,2014,5,23,30,6,30,24,30,0,1,20587,0.2,0.8,0,0.792452830188679,21404.7634674647,101,101,101,101,36.1373579753462,14.770431164402,25.6973259804946,21.3669285538268,38.16531676261,37.6089814663259,14.2242287766888,48.4931163371065,23.3847519813721,13.8979024351864,13.2410857718331,999.097162880038,15.79373,-7.40302,728.016121592885,703.73402861172,0.517063004906855
"AGO","AO",265,2196,2196,,3,,,2014,5,23,30,6,30,24,30,6,1,20588,0.2,0.8,0.2,0.822641509433962,21509.0365078,102,102,102,102,33.1736501606939,14.6622071996424,22.6663402671997,18.5114430957946,44.160009304356,5.03284641455914,3.37866379016887,58.5376448647268,1.65418238894241,36.4295083048536,7.84691443961007,947.353143679999,16.12499,-6.96756,745.436528475605,687.627137054725,0.54184307526586
"AGO","AO",265,2196,2196,,3,,,2014,5,23,30,8,30,26,30,4,1,20598,0.266666666666667,0.866666666666667,0.133333333333333,0.86345213137666,3525.2094945071,103,103,103,103,29.7209255194413,15.2052470016465,22.0014705193228,14.5156796975953,48.2776031894876,29.9458868532875,13.1720704897786,54.5610012758575,16.7738163635089,15.4931118459735,30.7147999888829,1185.49041951998,15.13887,-7.28256,734.668449120165,652.381679617525,0.56287533537761
"AGO","AO",265,2197,2197,,3,,,2014,5,23,30,6,30,29,30,1,1,20601,0.2,0.966666666666667,0.0333333333333333,0.919077568134172,5882.29584394223,104,104,104,104,37.8584463055199,16.8705577010613,19.9828631143118,20.9878884416802,42.1586907800047,38.2922662812413,18.4100167698232,49.0311448731478,19.8822491368712,12.6765897728979,13.2410857718331,882.613360640009,16.19217,-7.26592,710.2581635858,709.64512539857,0.500290676304465
"AGO","AO",249,2050,2050,,3,,,2010,0,80,93,1,93,63,93,17,1,29930,0.010752688172043,0.67741935483871,0.182795698924731,0.697377614713039,1611.61632855489,105,105,105,105,50.9091060256914,7.29968308351546,25.0208015629793,43.6094236552564,24.0700914010987,7.42356361380878,3.59707447682983,90.7886441058789,3.82648929787662,1.78779254556352,34.7000007629395,12.1434240000004,13.55244,-8.5965,297.932028597897,720.937292476495,0.20653348607741
"AGO","AO",265,2198,2198,,3,,,2014,5,23,30,8,30,18,30,9,1,20608,0.266666666666667,0.6,0.3,0.749685534591195,12162.4591382201,106,106,106,106,33.702413137449,14.1907809976761,24.9547275340557,19.5116307363492,41.3428613337759,68.2128724534526,2.43880312819854,22.691476038153,65.7740684667289,9.09565338384085,30.7105142092024,1133.26324128,15.67061,-7.64904,732.1521277644,697.34664606181,0.524779839887315
"AGO","AO",265,2196,2196,,3,,,2014,5,23,30,3,30,23,30,0,1,20613,0.1,0.766666666666667,0,0.745283018867924,7252.95174710833,107,107,107,107,32.0695961141869,13.412323572252,28.0623751111528,18.6572726608317,39.8680280418351,41.2744688790948,17.783167459494,44.7065291538729,23.4913018881859,14.0189994520904,9.16154277610779,1034.67344608,14.97543,-6.45033,683.13037470641,649.554491345785,0.525669892284985
"AGO","AO",249,2050,2050,,3,,,2010,0,80,43,0,43,5,43,1,1,29938,0,0.116279069767442,0.0232558139534884,0.129085584252579,1449.45696018503,108,108,108,108,59.9968472960728,6.29813611478582,19.459951943209,53.698711562317,20.5432008629341,5.12179491659636,2.75255715286946,94.2493104453807,2.36923767004927,0.628896914209557,34.7000007629395,15.2892316799993,13.60939,-8.59152,297.932028597897,720.937292476495,0.20653348607741
"AGO","AO",249,2050,2050,,3,,,2010,0,80,71,3,71,30,71,6,1,29956,0.0422535211267606,0.422535211267606,0.0845070422535211,0.465729252919048,1409.20772366176,109,109,109,109,49.5377782706773,7.49293016605072,24.8354729538844,42.0448490520201,25.626746993745,66.3729507558907,9.47506287197223,33.5805893282629,56.8978877785226,0.0464584807339675,34.7000007629395,21.6303795200026,13.67278,-8.57188,309.316517384688,704.574996467485,0.219423069300534
"AGO","AO",249,2050,2050,,3,,,2010,0,80,63,5,63,4,63,2,1,29926,0.0793650793650794,0.0634920634920635,0.0317460317460317,0.155838626866451,1654.45404680384,110,110,110,110,35.3839130074482,7.69861954124892,28.9086819033368,27.6852919617209,35.7074048972004,50.1445571485715,20.6439123300233,47.812353017142,29.500644962011,2.04308603183439,34.7000007629395,194.904574544003,14.01967,-8.6416397,356.710183619166,685.31887142306,0.260135551370006
"AGO","AO",249,2050,2050,,3,,,2010,0,80,9,0,9,0,9,0,1,29945,0,0,0,0,1654.45404680384,111,111,111,111,36.2293648325129,7.80310384443739,29.0641190557694,28.426260172138,34.7065155969981,48.0785985369087,19.6317194918109,49.7588970717669,28.4468790845626,2.16250266715689,34.7000007629395,185.984052027202,14.00663,-8.6345901,357.942468975711,684.71841928654,0.261282114665505
"AGO","AO",265,2203,2203,,3,,,2014,5,23,30,6,30,7,30,0,1,20627,0.2,0.233333333333333,0,0.364779874213836,15354.1287025449,112,112,112,112,30.5405542470433,16.9088609715739,25.3814136955775,13.6316941111108,44.0780306830326,29.85705281589,11.8605493474004,57.399794223626,17.9965038938455,12.7431540002183,67.1241135362898,1274.55213695999,15.43797,-7.69894,745.37561037969,690.787576828075,0.53931181820871
"AGO","AO",265,2194,2194,,3,,,2014,5,23,30,1,30,18,30,1,1,20630,0.0333333333333333,0.6,0.0333333333333333,0.590775681341719,13065.0731716029,115,115,115,114,33.9016737868802,15.3440027322236,23.1097062551909,18.5576705409961,42.988619133829,23.1642376722271,16.9701478522171,68.5289424318311,6.19408912462101,8.30681908058844,19.5982862483433,796.190758399999,16.32716,-6.54002,763.944730720465,689.03977922988,0.554155841950655
"AGO","AO",249,2050,2050,,2,,,2010,0,80,55,3,55,2,55,9,1,29958,0.0545454545454545,0.0363636363636364,0.163636363636364,0.224538224912465,22898.438139166,116,116,116,115,65.0454116416733,6.0100291846975,18.2147854998914,59.0353859779304,16.7398017319044,40.8541406818828,15.9875349439102,56.7472688456464,24.8666053616315,2.39859068954592,34.7000007629395,13.64073866256,13.4058523,-8.4071363,278.074100794467,725.784123044475,0.191482415268933
"AGO","AO",265,2190,2190,,3,,,2014,5,23,30,3,30,0,30,11,1,20634,0.1,0,0.366666666666667,0.405660377358491,16494.6525019082,117,117,117,116,34.2291639191649,16.6724775857435,21.988535027549,17.5566839158597,43.7823046531916,41.7672492242521,22.9232006074224,29.2963679342139,18.8440483439239,28.9363840358623,67.1241135362898,1240.94522560001,15.27213,-7.75685,729.48285477303,682.68959378364,0.53410433815789
"AGO","AO",249,2050,2050,,1,,,2010,0,80,53,0,53,0,53,5,1,29954,0,0,0.0943396226415094,0.088999644001424,365.800560533508,118,118,118,117,39.5061068414742,8.13376506668987,31.1536952856405,31.3723431751298,29.3401944411749,83.3089205350785,37.9953610107349,16.5419198232862,45.3135626740899,0.149159645938538,34.7000007629395,96.6499919839991,13.68627,-8.525919,325.51603340614,701.45363122601,0.231949843518859
"AGO","AO",265,2195,2195,,3,,,2014,5,23,30,24,30,26,30,1,1,20643,0.8,0.866666666666667,0.0333333333333333,0.919077568134172,7066.15647820621,119,119,119,118,26.2592391698053,16.1231362312902,23.3447035813562,10.1361037542299,50.3960584883338,47.4693661153888,42.7955829843578,1.42284244692412,4.67378385242417,51.1077929747575,365.434809317453,767.635425279997,15.00626,-7.64137,661.505096528855,662.443477569865,0.499080918629476
"AGO","AO",265,2198,2198,,3,,,2014,5,23,30,10,30,29,29,4,1,20648,0.333333333333333,0.966666666666667,0.137931034482759,0.925323501771127,16701.8874814614,120,120,120,119,33.4761823434919,14.3912552640631,25.6716646068525,19.0849285026874,40.8521508957914,34.1515192735061,15.6942869597074,48.675644219296,18.457232125135,17.1728369465269,9.16154277610779,1090.8242784,15.32461,-7.0909,727.2298275829,679.02213528783,0.535292776709525
"AGO","AO",265,2195,2195,,3,,,2014,5,23,30,9,30,20,30,0,1,20655,0.3,0.666666666666667,0,0.723270440251572,12162.4591382201,121,121,121,120,32.4230308617998,14.1025728021646,25.0006741589328,18.3204574758142,42.5762948207572,19.6416486160344,14.0533440884052,60.1724576965447,5.58830510577784,20.185893991014,30.7105142092024,1186.41612352,15.57584,-7.70292,739.50982999815,692.88862239536,0.533438203587045
"AGO","AO",265,2194,2194,,3,,,2014,5,23,30,17,30,27,30,5,1,20658,0.566666666666667,0.9,0.166666666666667,0.909329140461216,30941.9527118094,122,122,122,121,32.2909730744247,15.4391847033884,23.7364827775726,16.851787921007,43.9725447290707,33.2441038299368,7.00377612398261,48.9270045088831,26.2403288926238,17.8288908404551,13.2410857718331,883.657748799992,15.6224,-7.00311,714.69796536402,686.54199399485,0.520352170125085
"AGO","AO",249,2050,2050,,3,,,2010,0,80,14,2,14,3,14,3,1,29928,0.142857142857143,0.214285714285714,0.214285714285714,0.444193850046757,4977.30757692901,123,123,123,122,40.7878379342715,7.67803872982458,30.670947513973,33.1098000577017,28.5412133439768,87.1074207302973,44.5254720557985,11.5498511217419,42.5819513877775,1.34272619973168,34.7000007629395,148.226700799997,13.82177,-8.49445,336.766493772901,693.21330448552,0.242788664092106
"AGO","AO",249,2050,2050,,3,,,2010,0,80,12,0,12,2,12,0,1,29941,0,0.166666666666667,0,0.157232704402516,2085.44396113603,124,124,124,123,35.2101017924992,9.72127317760746,33.8960128801913,25.4888291542082,30.8938853273095,91.6971583594517,10.5069894943763,8.03029397074535,81.1901703586117,0.272547122837497,34.7000007629395,17.5050708800006,13.68851,-8.62627,309.316517384688,704.574996467485,0.219423069300534
"AGO","AO",249,2050,2050,,3,,,2010,0,80,25,8,25,1,25,2,1,29924,0.32,0.04,0.08,0.376815094339623,2085.44396113603,125,125,125,124,37.0392268329264,9.77819188919444,32.9467242540554,27.2610351119852,30.0140492188847,68.2965389628352,15.6514074773788,30.9323779887156,52.6451339986039,0.771082170407672,34.7000007629395,28.6633812800019,13.67769,-8.64139,311.977923082049,702.456684916935,0.221955421543535
"AGO","AO",249,2050,2050,,3,,,2010,0,80,50,6,50,4,50,2,1,29953,0.12,0.08,0.04,0.21017358490566,5395.11500700133,126,126,126,125,34.5565869785228,7.92945455714451,31.9353831234144,26.6271329567783,33.5080298860438,59.9463908023351,29.467988145929,35.6338529907649,30.4784030989296,4.41975558718799,34.7000007629395,242.006233920003,14.08838,-8.628011,374.489696017753,680.301200989055,0.275113220114002
"AGO","AO",249,2050,2050,,1,,,2010,0,80,83,2,83,8,83,12,1,29937,0.0240963855421687,0.0963855421686747,0.144578313253012,0.23174944648045,1611.61632855489,127,127,127,126,50.5741951225208,7.34121495424084,25.2022424948316,43.2329815757975,24.2235613224893,5.02700929638307,3.95165195943511,93.5223031511809,1.07535718743519,1.45068859977264,34.7000007629395,18.1882961813945,13.5584807,-8.6095089,297.932028597897,720.937292476495,0.20653348607741
"AGO","AO",249,2050,2050,,3,,,2010,0,80,84,10,84,32,84,8,1,29931,0.119047619047619,0.380952380952381,0.0952380952380952,0.477912039329059,878.432734149049,128,128,128,127,34.6314764241662,8.03271569017094,34.2070210432604,26.5987592716095,31.1615006473455,64.3203166565887,34.2370561049295,31.4878470521757,30.0832608230635,4.19183410585319,34.7000007629395,304.227084800019,14.2284,-8.62011,409.956922948601,677.243315083065,0.302558657944519
"AGO","AO",265,2204,2204,,3,,,2014,5,23,30,0,30,24,30,0,1,20685,0,0.8,0,0.754716981132075,6879.79307870062,129,129,129,128,32.498689103645,14.6072512762558,25.5681728311004,17.8914376168948,41.9331377214502,39.6437066804216,15.4574913337424,49.2213264759281,24.1862170194729,11.1349665168249,20.2673135997227,1015.23260384,15.87871,-6.89636,749.45646895349,684.53457435544,0.54722829310859
"AGO","AO",265,2193,2193,,3,,,2014,5,23,30,3,30,26,30,2,1,20688,0.1,0.866666666666667,0.0666666666666667,0.837735849056604,47883.7262526984,130,130,130,129,32.9343699471629,13.5470443707683,17.9117522231633,19.3873262752804,49.1538778318567,31.6510335765615,16.5468225547275,53.3901440123537,15.1042103218568,14.9588224065199,19.5982862483433,595.063488000008,16.64594,-6.1985,747.543044652695,705.75397739343,0.52943372328585
"AGO","AO",265,2196,2196,,3,,,2014,5,23,30,8,30,26,30,4,1,20690,0.266666666666667,0.866666666666667,0.133333333333333,0.86345213137666,14435.7467235612,131,131,131,130,36.8826982074786,18.9080143605818,21.0949098494532,17.9746835779675,42.0223937502727,42.2729388574266,20.2611584773848,43.5095858044838,22.0117798272807,14.217475326517,16.9246855027335,1096.8415072,16.02705,-7.97698,695.29111785887,722.559065701225,0.480962415818502
"AGO","AO",249,2050,2050,,3,,,2010,0,80,31,6,31,3,31,5,1,29952,0.193548387096774,0.0967741935483871,0.161290322580645,0.367053998200039,8781.33438491924,132,132,132,131,41.2207829262765,8.32229285783598,30.5038210906975,32.8984885963707,28.2753966949617,66.0613709316814,25.2562500223887,30.6475621355187,40.8051215347731,3.29106560039284,34.7000007629395,149.970492160016,13.79316,-8.72098,316.335192294859,690.715577533815,0.228894405541748
"AGO","AO",249,2050,2050,,3,,,2010,0,80,19,3,19,2,19,3,1,29934,0.157894736842105,0.105263157894737,0.157894736842105,0.344816203473194,14174.8740939932,133,133,133,132,38.2846973492486,8.57563936715137,28.7863959434912,29.7090582516735,32.9289074549891,51.7140685419717,24.9512860220212,44.3856376183168,26.7627825549889,3.90029414903718,34.7000007629395,212.09443968001,13.91604,-8.75398,346.346436666012,681.50032673922,0.253997602913661
"AGO","AO",265,2192,2192,,3,,,2014,5,23,30,2,29,30,30,5,1,20695,0.0666666666666667,,0.166666666666667,,8491.49531621851,134,134,134,133,31.1721190024423,15.2874812911744,26.3002377868296,15.884637667322,42.527643347499,29.3292739274631,20.1778689204153,49.4944141173238,9.1514045203323,21.1763134150568,16.2736003516061,798.602304000003,14.91502,-5.9834,646.81931263564,633.55113387508,0.51026391679405
"AGO","AO",265,2205,2205,,3,,,2014,5,23,30,0,30,30,29,7,1,20697,0,1,0.241379310344828,0.943396226415094,4592.30539941795,135,135,135,134,42.3716341666629,13.3894960060446,17.7717128174832,28.982140242978,39.8566511934322,28.1671129208421,23.3599377882745,43.4247638735542,4.80717530768363,28.4081245708976,16.2736003516061,893.263940000029,15.10275,-6.04781,648.36523699204,649.27005828332,0.499089599922978
"AGO","AO",265,2192,2192,,3,,,2014,5,23,30,2,30,11,30,5,1,20702,0.0666666666666667,0.366666666666667,0.166666666666667,0.478686233403214,21913.6697403015,136,136,136,135,38.3943281301317,16.073217953438,22.6697471884152,22.3211099948418,38.9359254611816,38.7373454120276,14.828452735412,51.1271234140344,23.9088934563441,10.13553132237,67.1241135362898,1262.89182303999,15.51899,-7.92084,727.159638910895,703.496995761745,0.51662289371561
"AGO","AO",265,2192,2192,,3,,,2014,5,23,30,8,30,26,30,13,1,20703,0.266666666666667,0.866666666666667,0.433333333333333,0.891125087351502,14435.7467235612,137,137,137,136,38.4114469454375,19.2301081418294,20.7898249795303,19.1813394739837,40.7987264930591,42.1439315043044,15.0987700879561,44.4132331458915,27.0451616947786,13.4428369039857,16.9246855027335,1104.1772328,15.94355,-7.87871,710.59390070012,715.79933415839,0.496199955407003
"AGO","AO",265,2202,2202,,3,,,2014,5,23,30,6,30,11,30,0,1,20714,0.2,0.366666666666667,0,0.465408805031446,6573.28879596965,138,138,138,137,25.9777111451831,15.0603755691922,24.9869119765313,10.9173353497989,49.035379006941,59.9151044114723,30.5410654071841,17.422781793822,29.3740380509331,22.6621142163588,365.434809317453,802.603999999999,14.99625,-7.57924,661.505096528855,662.443477569865,0.499080918629476
"AGO","AO",249,2050,2050,,3,,,2010,0,80,80,0,80,4,80,9,1,29948,0,0.05,0.1125,0.147995283018868,2271.42631389432,139,139,139,138,66.6363911306987,5.51816281233936,14.9668508227304,61.1182311867162,18.396756128119,5.69239443368271,2.8033577906269,93.8697592520826,2.88903640502092,0.437847662888704,34.7000007629395,20.550447999996,13.62522,-8.60425,309.316517384688,704.574996467485,0.219423069300534
"AGO","AO",265,2203,2203,,3,,,2014,5,23,30,11,30,1,30,0,1,20726,0.366666666666667,0.0333333333333333,0,0.365828092243186,24298.9541071274,140,140,140,139,36.6196917806014,16.1367508351069,19.7590944860308,20.4829399764132,43.6212160434094,48.7142382643461,28.1507348342274,39.9406029432712,20.5635073663954,11.3451572264879,16.2736003516061,777.077398400011,15.32064,-6.0608,660.724565771435,655.202767573725,0.50400674244775
"AGO","AO",265,2200,2200,,3,,,2014,5,23,30,1,30,18,30,0,1,20727,0.0333333333333333,0.6,0,0.578616352201258,16701.8874814614,141,141,141,140,32.314048420826,14.6629934929416,21.8547371373945,17.6510542923791,45.8312145167696,37.2399246460274,4.68842258252683,58.7190923644804,32.5515013427388,4.04098310899357,18.0978278154646,1112.8980248,15.39215,-7.22383,742.011333765515,680.487852349,0.544986228142905
"AGO","AO",249,2050,2050,,3,,,2010,0,80,83,0,83,17,83,5,1,29939,0,0.204819277108434,0.0602409638554217,0.238416726693087,2508.25780564264,142,142,142,141,54.1610402690012,7.15823484318925,22.5106315099107,47.0028092203773,23.3283256124279,6.0171682363151,2.30985106433731,93.7175326084781,3.70731711766784,0.265298936340901,34.7000007629395,17.0243065599984,13.64072,-8.58808,309.316517384688,704.574996467485,0.219423069300534
"AGO","AO",265,2193,2193,,3,,,2014,5,23,30,8,30,9,30,1,1,20737,0.266666666666667,0.3,0.0333333333333333,0.475262054507337,1463.71220574744,143,143,143,142,34.6372533613184,15.2203537183292,20.3091695799651,19.4168990711237,45.0535788966784,24.1775632788833,20.7606603441521,71.1213338408329,3.41690335193573,4.70109997552735,19.5982862483433,849.808005120006,16.21186,-6.51824,755.833610446395,690.08587248294,0.54746445766613
"AGO","AO",249,2050,2050,,3,,,2010,0,80,61,1,61,6,61,1,1,29944,0.0163934426229508,0.0983606557377049,0.0163934426229508,0.120453104170551,872.283103412562,144,144,144,143,55.009754132012,6.97217557997213,22.6464488051962,48.037577980501,22.3437976667889,6.00457432512593,3.07313811359878,93.0943212427704,2.93143633136081,0.901106307966348,34.7000007629395,15.7616062720006,13.59818,-8.5849705,297.932028597897,720.937292476495,0.20653348607741
"AGO","AO",249,2050,2050,,3,,,2010,0,80,7,0,7,1,7,1,1,29940,0,0.142857142857143,0.142857142857143,0.250288794763188,872.283103412562,145,145,145,144,53.7612436027641,7.07346616521343,23.3480152862378,46.6877771930794,22.8907413428608,6.79566704837362,3.26017190706539,92.0907474830164,3.53549543532631,1.11358693849676,34.7000007629395,14.0500932159998,13.59035,-8.5852699,297.932028597897,720.937292476495,0.20653348607741
"AGO","AO",249,2050,2050,,3,,,2010,0,80,36,1,36,7,36,5,1,29947,0.0277777777777778,0.194444444444444,0.138888888888889,0.307165896679349,2883.4511056785,146,146,146,145,52.412009618262,6.96556084895052,22.8232322360043,45.4464486986233,24.7647563470224,98.1782366544317,18.7387219202628,1.80537054235095,79.4395143648132,0.0163906055640177,34.7000007629395,34.4192000000073,13.69416,-8.55742,309.316517384688,704.574996467485,0.219423069300534
"AGO","AO",249,2050,2050,,3,,,2010,0,80,37,4,37,4,37,7,1,29935,0.108108108108108,0.108108108108108,0.189189189189189,0.33492773063042,4977.30757692901,147,147,147,146,43.3034827475805,7.47927388633598,29.3211203837695,35.8242105148916,27.3753961466429,96.0272613919515,37.5906568055237,3.43489157313472,58.4366090024186,0.537845769945979,34.7000007629395,90.0170932800034,13.79967,-8.53289,328.066435458406,694.558253267225,0.236058078629041
"AGO","AO",249,2050,2050,,3,,,2010,0,80,77,2,77,15,77,9,1,29942,0.025974025974026,0.194805194805195,0.116883116883117,0.289989163196328,878.432734149049,148,148,148,147,34.625818463677,7.99014286233343,34.1190213490106,26.6356749456029,31.2551585263071,63.7307312756638,34.1328214272382,31.9635835805003,29.5979100026103,4.3056831187605,34.7000007629395,296.856006400007,14.22051,-8.61998,409.956922948601,677.243315083065,0.302558657944519
"AGO","AO",265,2190,2190,,3,,,2014,5,23,30,1,30,3,30,4,1,20742,0.0333333333333333,0.1,0.133333333333333,0.232075471698113,8491.49531621851,149,149,149,148,31.9037717107148,15.866682098921,22.2340884421943,16.037091061043,45.8621393574105,43.5638713150467,21.2428668940005,41.1887322366055,22.3210056343824,15.2473959309613,16.2736003516061,818.33044368001,14.98949,-5.99983,646.8109838785,644.955768279465,0.50123641044866
"AGO","AO",265,2201,2201,,3,,,2014,5,23,30,0,29,16,30,3,1,20744,0,0.551724137931034,0.1,0.562784645413142,17129.0618737246,152,152,152,150,41.5691300568459,18.7524088204723,18.0635955025211,22.8167216299783,40.3672747097303,40.2771416150774,16.1931922655311,46.2069672903442,24.0839505330788,13.5158901137184,13.2410857718331,801.358399999972,16.04766,-7.335,713.227230776095,709.16916283967,0.50269503204578
"AGO","AO",265,2201,2201,,3,,,2014,5,23,30,0,29,23,30,4,1,20748,0,0.793103448275862,0.133333333333333,0.77423552374756,8426.78754724,153,153,153,151,34.5444267436283,15.4499005030771,19.6884699043413,19.0945257914624,45.7671040389546,18.2748874414327,6.773073741823,79.8073449085394,11.5018140453124,1.91776763741901,19.5982862483433,806.675968160003,16.17751,-6.40103,752.30661413594,684.8651995763,0.549031748671065
"AGO","AO",249,2050,2050,,3,,,2010,0,80,61,10,61,10,61,7,1,29929,0.163934426229508,0.163934426229508,0.114754098360656,0.35963030069926,2814.90583495894,154,154,154,152,34.6253168452875,7.5191821316206,28.8059941614321,27.1061353823607,36.5686869998047,52.5322605316924,24.5838344388598,43.2836727699789,27.9484241370965,4.18406651360066,34.7000007629395,215.72336451201,14.0442,-8.6477098,356.710183619166,685.31887142306,0.260135551370006
"AGO","AO",265,2198,2198,,3,,,2014,5,23,30,4,30,25,30,13,1,20749,0.133333333333333,0.833333333333333,0.433333333333333,0.86617749825297,14967.5222075758,155,155,155,153,31.8852281746367,14.9562570411857,21.2876463018108,16.9289705547017,46.8271250897766,26.8285337193268,16.5492300949963,55.120890136575,10.2793033908629,18.0505783796274,30.7147999888829,1118.72586976,15.07061,-7.16764,731.42238463417,653.86912045203,0.55908538194904
"AGO","AO",265,2203,2203,,3,,,2014,5,23,30,12,30,2,30,0,1,20750,0.4,0.0666666666666667,0,0.415094339622641,23708.3418265833,156,156,156,154,30.807598720776,13.7956172777895,28.223901634279,17.0119823966608,40.9684986957448,27.440771250268,5.82000660350157,61.1739909845272,21.6207650698656,11.3852381898522,20.2673135997227,924.596634400001,15.90507,-6.62415,741.69373201703,672.91612857694,0.55089414362444
"AGO","AO",265,2200,2200,,3,,,2014,5,23,30,8,30,19,30,2,1,20751,0.266666666666667,0.633333333333333,0.0666666666666667,0.706638714185884,17610.0367937552,157,157,157,155,26.1700260095212,13.6132871081888,25.4377033588272,12.5567399308068,48.3922699813693,55.707478044075,22.8480689771615,29.2745275755346,32.8594080879672,15.017995394985,3.4562856999806,579.47253087999,14.82341,-7.53504,597.02451492496,645.656543623955,0.462851708592631
"AGO","AO",265,2201,2201,,3,,,2014,5,23,30,0,30,25,30,4,1,20754,0,0.833333333333333,0.133333333333333,0.807127882599581,6573.28879596965,158,158,158,156,29.890858365068,16.84052262633,20.4288030313248,13.0503365662723,49.6803369431061,40.724385908073,15.3556294505039,38.9553337662505,25.3687563384025,20.3202803287583,365.434809317453,753.849352319996,14.98111,-7.52266,659.9009752028,658.67559519639,0.50091168560409
